{
  "train_loss": [
    1.0035159587860107,
    0.6865982413291931,
    0.5105900764465332,
    0.4489303529262543,
    0.29560551047325134,
    0.26578590273857117,
    0.2271789163351059,
    0.19512206315994263,
    0.2026587575674057,
    0.20642472803592682,
    0.18014834821224213,
    0.15366189181804657,
    0.12953008711338043,
    0.0983574315905571,
    0.1036347821354866,
    0.12623654305934906,
    0.11116428673267365,
    0.09625022113323212,
    0.06854620575904846,
    0.05356941744685173,
    0.04880544915795326,
    0.048214755952358246,
    0.03906354308128357,
    0.04098237678408623,
    0.036126796156167984,
    0.04286528378725052,
    0.029144298285245895,
    0.02655613422393799,
    0.03230917453765869,
    0.02411005273461342,
    0.024865688756108284,
    0.03405288606882095,
    0.021616479381918907,
    0.02832782454788685,
    0.03047897107899189,
    0.023387476801872253,
    0.024601053446531296,
    0.031088069081306458,
    0.020093312487006187,
    0.01897417940199375,
    0.020013928413391113,
    0.01867714151740074,
    0.019178831949830055,
    0.017144018784165382,
    0.022228699177503586,
    0.02082148566842079,
    0.018125323578715324,
    0.018016589805483818,
    0.01619573123753071,
    0.019383659586310387,
    0.015394615940749645,
    0.02221785858273506,
    0.018533771857619286,
    0.01735653355717659,
    0.014215623959898949,
    0.019271740689873695,
    0.01902015507221222,
    0.016206206753849983,
    0.01521037332713604,
    0.01457535196095705
  ],
  "val_loss": [
    0.9915228486061096,
    0.9824967980384827,
    0.9703065752983093,
    0.953721821308136,
    0.9328888058662415,
    0.9077563881874084,
    0.8785992860794067,
    0.8464451432228088,
    0.8146016001701355,
    0.7839649319648743,
    0.7563506364822388,
    0.7322845458984375,
    0.7113875150680542,
    0.6952147483825684,
    0.678364634513855,
    0.6588505506515503,
    0.639609158039093,
    0.6151342391967773,
    0.5815006494522095,
    0.5509412288665771,
    0.5106528401374817,
    0.4671798348426819,
    0.41854754090309143,
    0.37358495593070984,
    0.32442378997802734,
    0.27446821331977844,
    0.23421749472618103,
    0.19724546372890472,
    0.16660292446613312,
    0.1381162852048874,
    0.1112586259841919,
    0.08908550441265106,
    0.07042721658945084,
    0.055172037333250046,
    0.04909144341945648,
    0.03982454910874367,
    0.029125723987817764,
    0.018583301454782486,
    0.012236635200679302,
    0.009471477940678596,
    0.008282112888991833,
    0.00841444544494152,
    0.008752341382205486,
    0.00987027958035469,
    0.008355221711099148,
    0.009726721793413162,
    0.01436072401702404,
    0.02178805135190487,
    0.02792974002659321,
    0.037551574409008026,
    0.046303246170282364,
    0.05302141234278679,
    0.06467599421739578,
    0.07119044661521912,
    0.07181330770254135,
    0.07231314480304718,
    0.07331111282110214,
    0.0723094716668129,
    0.07206408679485321,
    0.07186049222946167
  ],
  "learning_rate": [
    0.0001,
    0.0001,
    0.0001,
    0.0001,
    0.0001,
    0.0001,
    0.0001,
    0.0001,
    0.0001,
    0.0001,
    0.0001,
    0.0001,
    0.0001,
    0.0001,
    0.0001,
    0.0001,
    0.0001,
    0.0001,
    0.0001,
    0.0001,
    0.0001,
    0.0001,
    0.0001,
    0.0001,
    0.0001,
    0.0001,
    0.0001,
    0.0001,
    0.0001,
    0.0001,
    0.0001,
    0.0001,
    0.0001,
    0.0001,
    0.0001,
    0.0001,
    0.0001,
    0.0001,
    0.0001,
    0.0001,
    0.0001,
    0.0001,
    0.0001,
    0.0001,
    0.0001,
    0.0001,
    5e-05,
    5e-05,
    5e-05,
    5e-05,
    5e-05,
    5e-05,
    2.5e-05,
    2.5e-05,
    2.5e-05,
    2.5e-05,
    2.5e-05,
    2.5e-05,
    1.25e-05,
    1.25e-05
  ]
}